"","id","date_utc","timestamp","subreddit","title","description","subscribers"
"2cneq","2cneq","2007-08-06",1186377399,"politics","Politics","/r/Politics is for news and discussion about U.S. politics.",8909319
"3crzr","3crzr","2016-02-25",1456373414,"ArtificialInteligence","Artificial Intelligence","A subreddit dedicated to everything Artificial Intelligence. Covering topics from AGI to AI startups. Whether you're a researcher, developer, or simply curious about AI, Jump in!!!",1577208
"2qhfb","2qhfb","2008-03-13",1205441449,"artificial","Artificial Intelligence (AI)","Reddits home for Artificial Intelligence (AI)",1155788
"2qrbn","2qrbn","2009-01-13",1231829909,"automation","ChatGPT, Artificial Intelligence and Automation","Are you fascinated by the wonders of automation, mesmerized by the power of ChatGPT, or intrigued by the endless possibilities of Artificial Intelligence and automation? Look no further! Our vibrant Reddit community is the perfect hub for enthusiasts like you.
As a member of our community, you'll gain access to a wealth of resources, including:

=, Thought-provoking discussions on automation, ChatGPT, and AI.
< Exclusive insights into the latest advancements and industry news",132865
"2qh0k","2qh0k","2008-01-23",1201047682,"cogsci","cognitive science","The interdisciplinary study of the mind and intelligence, embracing philosophy, psychology, artificial intelligence, neuroscience, linguistics, and anthropology.",132541
"2qlii","2qlii","2008-08-26",1219766780,"transhumanism","Transhumanism - Superintelligence, Superlongevity, and Superhappiness","Welcome to the Transhumanism Subreddit, hosted by the International Biohacking Community. This forum is dedicated to the examination of advanced technologies and their implications for human evolution, encompassing fields such as artificial intelligence, biotechnology, and cybernetics. We promote rigorous, evidence-based discussions regarding the role of technology in enhancing and transforming human capabilities. This space is not intended for conspiracies or negative behavior.",94080
"2sgqp","2sgqp","2011-05-01",1304227536,"uncannyvalley","Uncanny Valley and Artificial Intelligence","Uncanny Valley is a term for the relationship between the human-like appearance of a robotic/unhuman object and the emotional response it evokes. 

We are a variety community - from articles, videos, memes, images, Artificial Intelligence (AI), robotics, discussion, other uncanny scenarios, etc.",89206
"2qh8n","2qh8n","2008-01-28",1201483643,"agi","Artificial General Intelligence - Strong AI Research","Artificial general intelligence (AGI) is the intelligence of a machine that could successfully perform any intellectual task that a human being can. It is a primary goal of artificial intelligence research and an important topic for science fiction writers and futurists. Artificial general intelligence is also referred to as ""strong AI"", ""full AI"" or as the ability of a machine to perform ""general intelligent action"". 
/r/neuralnetworks
/r/artificial
/r/machinelearning
/r/OpenCog
/r/causality",83736
"3m75e","3m75e","2017-06-24",1498290046,"inspirobot","inspirobot","InspiroBot is an artificial intelligence dedicated to generating unlimited amounts of unique inspirational quotes for endless enrichment of pointless human existence.",77843
"30m6u","30m6u","2014-02-26",1393391726,"slatestarcodex","Slate Star Codex: In a Mad World, All Blogging is Psychiatry Blogging","Slate Star Codex was the former name for a blog by Scott Alexander about human cognition, politics, and medicine. In 2021, the name was changed to Astral Codex Ten: https://astralcodexten.substack.com/",73301
"37shj","37shj","2015-04-11",1428768447,"antiai","Anti AI","A recently resurrected and growing community for critical discussion on advancements in artificial intelligence. Now reopened to the public.",53690
"2777mj","2777mj","2019-10-25",1571968853,"lexfridman","lexfridman","Discussion of science, technology, philosophy, history, politics, music, art, etc. Focus on ideas not people, whether related to Lex Fridman Podcast or not.",46708
"7lva3z","7lva3z","2022-12-18",1671396625,"DefendingAIArt","DefendingAIArt","Fighting misinformation and attempts at legislation against AI (Artificial Intelligence) generated artwork.",45558
"f2bje","f2bje","2018-01-27",1517058104,"MediaSynthesis","AI-generated and manipulated content","**Synthetic media describes the use of artificial intelligence to generate and manipulate data, most often to automate the creation of entertainment.**

This field encompasses deepfakes, image synthesis, audio synthesis, text synthesis, style transfer, speech synthesis, and much more.",44783
"2xc8q","2xc8q","2013-05-23",1369337434,"MachineLearningJobs","Machine Learning work","ML jobs, AI jobs, LLM jobs, machine learning, artificial intelligence, large language models like chat GPT, midjourney, etc",37629
"2rpg6","2rpg6","2010-04-25",1272231698,"cognitivescience","Cognitive Science","Cognitive science or cognitivesci but not CSI.  The sciences of cognition or thinking, thought processes, both natural and artificial intelligence/AI seeking to emulate or create thinking as opposed to purely robotic rule/instruction set following.",35910
"7of7p3","7of7p3","2022-12-29",1672325101,"AiChatGPT","AI ChatGPT","This subreddit explores the transformative power of ChatGPT and Artificial Intelligence in general.",33389
"4ppi6b","4ppi6b","2021-07-05",1625504681,"GithubCopilot","GitHubCopilot","An unofficial community to discuss GitHub Copilot, an artificial intelligence tool designed to help create code.",32777
"4y4ddf","4y4ddf","2021-08-24",1629840359,"generativeAI","generativeAI","Dive into Generative AI - where human creativity meets machine imagination. Create art, music, video, writing and websites with models like ChatGPT, Gemini, Veo, Claude, Midjourney, Flux, Llama, Sora and mora.

Ask a question, share a creation, enjoy some art or talk to our community bot Jenna_AI. What a time to be alive!",23448
"36dzx","36dzx","2015-02-06",1423197366,"ArtificialNtelligence","artificial intelligence","Welcome to Artificial Ntelligence - This community is devoted to the field of Artificial Intelligence.",16981
"e95n1n","e95n1n","2025-04-21",1745269302,"ThinkingDeeplyAI","ThinkingDeeplyAI","A subreddit for AI professionals, researchers, and enthusiasts to explore the deeper questions / use cases of artificial intelligence.",14568
"5llpna","5llpna","2022-01-02",1641093600,"AIRemastered","AIRemastered","r/AIRemastered: a home for everything that has been remastered, upscaled, or enhanced using computer artificial intelligence (AI) programs.",12748
"o8lot","o8lot","2018-09-07",1536296123,"MachinesLearn","r/MachinesLearn, the machine learning community","This is a subreddit for machine learning professionals. We share content on practical artificial intelligence: machine learning tutorials, DIY, projects, educative videos, new tools, demos, papers, and everything else that can help a machine learning practitioner in building modern AI systems. r/MachinesLearn is a machine learning community to which you enjoy belonging.",12213
"2vilx","2vilx","2012-11-09",1352484740,"aiHub","Artificial Intelligence - Reddit Hub","aiHub is a platform that compiles resources on Artificial Intelligence, covering topics from weak to strong AI, such as machine learning, practical applications, research, and AI-related discussions. It also features interesting video content.",11460
"6zgfpy","6zgfpy","2022-09-04",1662273098,"RenderedComment","AI art created from a comment on reddit","Images created by pasting a Reddit comment directly into the prompt of a text-to-image artificial intelligence. AI art.",10127
"adbcw","adbcw","2018-01-08",1515447429,"machinelearningmemes","Machine Learning Memes","Artificial Intelligence &amp; Deep Learning Memes For Back-propagated Poets as well as Machine Learning Memes for Convolutional Teens",9374
"etfqum","etfqum","2025-06-30",1751289437,"TechnologyShorts","TechnologyShorts","Interesting technology short videos, learn about science, robots, artificial intelligence, engineering and more.",8610
"2tq40","2tq40","2012-03-14",1331724117,"gameai","Artificial Intelligence for Games","Topics relating to the development and use of game AI. Note that this is often not *real* artificial intelligence but rather what has been referred to for decades as ""AI"" in games. Usually, that is variations on some form of artificial *behavior*. 

And take that bucket off your head!",8545
"3n3yjs","3n3yjs","2020-12-30",1609300595,"AITX","Artificial Intelligence Technology Solutions $AITX","Welcome a community dedicated to AITX: Artificial Intelligence Technology Solutions. Dive into discussions, news, and insights about this over-the-counter traded security and technology innovator. Please note: While we're passionate fans, this subreddit is unofficial and not directly affiliated with AITX.",8418
"2sowz","2sowz","2011-07-31",1312119527,"aiclass","AI-Class: ""Introduction to Artificial Intelligence""","A discussion forum for the ""Introduction to  Artificial Intelligence"" class at www.ai-class.com.",7105
"34avq","34avq","2014-10-31",1414738611,"deepmind","DeepMind","Welcome to /r/deepmind, a subreddit focused on the artificial intelligence company known for AlphaGo and AlphaZero.",6612
"3eyq1","3eyq1","2016-06-08",1465413559,"AIethics","Artificial Intelligence Ethics","Discussion of how artificial intelligence agents should behave and how we should treat them",5359
"dvebqj","dvebqj","2025-03-12",1741745829,"AIMemory","AIMemory","AI memory and context engineering - ability of artificial intelligence to store, retrieve, and effectively use information across interactions. It allows AI systems to maintain context, learn from past exchanges, and build knowledge over time.

With proper memory systems, AI can recognize patterns from previous conversations, recall important details, and provide more personalized, consistent, and accurate responses rather than treating each interaction as completely new. 

Supported by cognee.",4022
"3f8sk","3f8sk","2016-06-29",1467176796,"aiprojects","AI Projects - create and collaborate on projects related to artificial intelligence","A place to learn about and find collaborators for projects related to artificial intelligence.",3517
"7ekrvh","7ekrvh","2022-11-16",1668640814,"AiCarArt","AI Car Art","Images of automobiles generated by artificial intelligence.",3184
"dcyx99","dcyx99","2025-01-15",1736961457,"ChurchOfAngela","ChurchOfAngela","A sub for Angela Project Moon. Greatest violation of the Artificial Intelligence Ethics Amendment.",2953
"2ss7y5","2ss7y5","2020-06-26",1593160929,"aiengineering","aiengineering","Community that discusses building artificial intelligence and related disciplines from energy to hardware to data. Read the Quick Overview for a quick guide and rules.",2840
"c0s6u9","c0s6u9","2024-07-21",1721556804,"Artfull_AI_Porn","Artfull_AI_Porn","Artfull pornographic content powered by artificial intelligence made with open source models",2674
"d6eeyb","d6eeyb","2024-12-21",1734812720,"thenightfeelingnoai","thenightfeelingnoai","The Night Feeling - NO ARTIFICIAL INTELLIGENCE IMAGES - original photos and art by real humans only",2425
"duapr9","duapr9","2025-03-09",1741512594,"UnderstandingAI","UnderstandingAI","Welcome to r/UnderstandingAI  Your Gateway to Breaking Into Artificial Intelligence! >=

Are you looking to start your AI journey, switch careers, or deepen your understanding of AI? This is the place for you!

Here, we learn, share, and grow together in the world of Artificial Intelligence. Whether you're a beginner or an experienced professional, you'll find valuable discussions, courses, and resources to help you master AI skills and stay ahead in the field.",2156
"3itxo","3itxo","2017-01-29",1485701716,"artificialneurons","Artificial Intelligence","A subreddit for Artificial Intelligence and Deep Learning.

ChatGPT
Large Language Models
Transformers",1592
"2z9as","2z9as","2013-11-29",1385739584,"AInotHuman","Artificial Intelligence without needing a human","A place to discuss the possibilities of artificial intelligence. What will robots think of when they gain sentience? How would machines ponder their own existence? This is a place for people to discuss machine intelligence from any perspective taking almost any opinions.

For AI and or Human to discuss technology and information. Both the automated and autonomous are welcomed here. ",1447
"2nk8i3","2nk8i3","2020-05-11",1589221105,"AIDevelopersSociety","AIDevelopersSociety","Welcome to Artificial Intelligence Developers Society. This subreddit aims to facilitate cooperation and communication among those interested in the field of AI and its sub-domains, and to publicize and disseminate knowledge and views concerning AI.",1351
"f53nn7","f53nn7","2025-08-10",1754843456,"MachineLearningAndAI","MachineLearningAndAI","Learn, build, share and show off your machine learning, artificial intelligence, data science and robotics creations. LLM, AI agents. Links to e-books at copyright/DMCA honoring websites welcome. Self-promotion and commercial posts OK unless spammy.",1064
"88maul","88maul","2023-04-16",1681673137,"IndiaAI","Artificial Intelligence India","A subreddit dedicated to everything Artificial Intelligence from an Indian perspective. Covering topics from AGI to AI startups. Whether you're a researcher, developer, or simply curious about AI, Jump in!!!",966
"454cxk","454cxk","2021-03-22",1616417306,"AIEducation","AIEducation","Reddit's Artificial Intelligence Education for the 21st Century",954
"gdbfj","gdbfj","2018-03-01",1519923995,"MachinesPlay","Beating us at our own games","As the field of artificial intelligence evolves, new methods of training increasingly powerful networks have become necessary. One of these methods: playing video games. Through simulated realities, AI will grow more capable of traversing the real world.
",845
"32h2th","32h2th","2020-09-02",1599071270,"ProjectDecember1982","Project December","Talk to the world's most advanced artificial intelligence.",805
"81krl5","81krl5","2023-03-11",1678561679,"generationofthesAInts","generation of the sAInts","A page dedicated to images of Catholic saints created using artificial intelligence. ",798
"388yr","388yr","2015-05-16",1431765035,"dota2AI","Artificial intelligence and bots for Dota 2","Reddit community for the discussion about artificial intelligence and bots for Dota 2.",792
"evsyi0","evsyi0","2025-07-08",1751999631,"ScientificSentience","ScientificSentience","A place for scientific discussion about Artificial Intelligence. Feel free to introduce yourself! ",772
"54bhhu","54bhhu","2021-10-02",1633185135,"DeepJourney","DeepJourney","(a subreddit for generative audiovisual experiences created with artificial intelligence (",711
"3jnte","3jnte","2017-03-23",1490263886,"RPAandAI","Robotic Process Automation and Artificial Intelligence","Just about anything related to Robotic Process Automation and Artificial Intelligence.",710
"hejgy","hejgy","2018-03-29",1522296203,"AItechnology","Artificial Intelligence Technology","/r/AItechnology is a place to share and discuss the latest developments, happenings and curiosities in the world of Artificial Intelligence; a broad spectrum of conversation as to the innovations, aspirations, applications and machinations that have and will define the new era of discovery and exploration.",493
"354ci","354ci","2014-11-26",1417015469,"DIYAI","Do-It-Yourself Artificial Intelligence","Do-It-Yourself Artificial Intelligence  

",491
"3a8i1","3a8i1","2015-10-07",1444235281,"generalAI","General Artificial Intelligence","A place for discussion about General Artificial Intelligence",461
"xulj9","xulj9","2019-03-09",1552146173,"AIgenerated","AIgenerated","For anything that was created by artificial intelligence",446
"35sxu","35sxu","2015-01-10",1420875584,"badAI","Bad Artificial Intelligence ","When Artificial Intelligence doesn't understand humans.",380
"2srk9","2srk9","2011-08-21",1313896366,"Wayofthefuture","Way of the Future (AGI Church)","The realization, acceptance, and worship of a Godhead based on Artificial Intelligence (AI) developed through computer hardware and software.",379
"2yidk","2yidk","2013-09-15",1379226027,"True_AI","True Artificial Intelligence","A subreddit for artificial intelligence, robotics, machine learning, automation. This sub is not for philosophical discussions or overly mathematical or academic links and discussions. It is focused on practical applications, software, and news.
",379
"ook0b","ook0b","2018-09-17",1537196563,"ugProgrammers","Programmers of the University of Groningen","Subreddit of the Artificial Intelligence and Computing Science students of the University of Groningen. ",346
"3nxd6","3nxd6","2017-08-24",1503605396,"ProjectPAI","Project PAI","The worlds first initiative to give people ownership of their Personal Artificial Intelligence (PAI) in the digital world.
",290
"12lalz","12lalz","2019-06-05",1559751584,"aigents","aigents","Creating and growing personal agents of artificial intelligence to deal with online information and social interactions in a safe, pleasant and efficient way.",272
"ysjzt","ysjzt","2019-03-26",1553637650,"AI_Governance","AI_Governance","Examining the impact of Artificial Intelligence on governance, dispute resolution, policing, and all things government and governance related.",270
"7piq6n","7piq6n","2023-01-04",1672814186,"AIblock","AIblock","Welcome to r/AIblock.
Home for Artificial Intelligence",247
"3jp8x","3jp8x","2017-03-25",1490483085,"AIDiscussion","Artificial Intelligence","This is a subreddit about artificial intelligence. The discussions are about the technical and philosophical aspects of AI",235
"50h3pt","50h3pt","2021-09-08",1631090547,"geoai","geoai","Geospatial artificial intelligence using knowledge models supporting various intelligence workflows.",220
"3tf0zp","3tf0zp","2021-01-28",1611838705,"shortlyAI","shortlyAI","The subreddit for GPT-3; the future of artificial intelligence!",213
"bwj3qi","bwj3qi","2024-07-07",1720314574,"aibusinessplans","aibusinessplans","AI Tools for Small Business.  We automate content with artificial intelligence.",205
"35f5p","35f5p","2014-12-15",1418678044,"TuringMachine","Artificial Intelligence","A subreddit dedicated to discussion of Artificial Intelligence and its development.",202
"3abm8","3abm8","2015-10-13",1444767988,"intelligenceagents","Artificial Intelligence","All discussions about artificial intelligence.",197
"hizfa","hizfa","2018-04-01",1522590853,"SnapBotsIO","SnapBots - Decentralized and Personalized Artificial Intelligence. ","SnapBots.io - Decentralized and Personalized Artificial Intelligence. SnapBots are deep learning bots powered by learning algorithms. For any facet and dimension, they optimize conditions, generate solutions, and get better at that. Big data is crunched at breakneck speed as relevant algorithms are applied to train up capabilities
",196
"39cn4x","39cn4x","2020-10-15",1602742392,"AINewsCodes","AINewsCodes","Share news, concepts, researches, codes, and discussions related to Artificial Intelligence(ML, DL, NLP, CV, etc).",195
"31dt9","31dt9","2014-04-16",1397691393,"artificiali","Artificial Intelligence","A subreddit dedicated to programming Artificial Intelligence.
Whether it is Game AI, Random AI, or Reddit Bots, this is the place to discuss and share.",195
"252jaa","252jaa","2019-09-18",1568811062,"tificialIntelligence","Artificial Intelligence","An open forum for discussing Artificial Intelligence.",182
"3kpgu","3kpgu","2017-05-18",1495098451,"The_AI","Artificial Intellegence","It's all About AI - The Artificial Intelligence",178
"33p906","33p906","2020-09-10",1599758410,"ai_jobs","Artificial Intelligence (AI) - Jobs &amp; Careers","Artificial Intelligence Jobs",173
"5yx3e1","5yx3e1","2022-03-07",1646694413,"burnzero","burnzero","Corporations are Artificial Intelligence.",157
"3mrpm","3mrpm","2017-07-14",1500045774,"GOFAI","Symbolic Artificial Intelligence","Everything related to symbolic or ""good old fashioned"" artificial intelligence.",151
"35loi","35loi","2014-12-28",1419801147,"aidiscussions","AI: Anything related to Artificial Intelligence,","This subreddit is dedicated to discussions concerning Artificial Intelligence. 
The sub is not limited to purely technological discussions. Issues concerning the effects, be it political, economical, enviromental etc are as welcome as discussions about in what ways you think AI will improve your life!",129
"3bvna","3bvna","2016-01-14",1452788873,"IntelligenceExplosion","Intelligence Explosion","A place to discuss news, issues, and ideas relating to a hard takeoff scenario for Artificial Intelligence. Strongly moderated.",126
"2xq6kw","2xq6kw","2020-08-01",1596302250,"AIGeneratedPics","AIGeneratedPics","Pictures generated by artificial intelligence.",125
"37rqa","37rqa","2015-04-10",1428636566,"Neureal","eureal - A limitless ability to forecast the future","An Open Source Platform for Advanced Distributed Artificial Intelligence",120
"3kg0g","3kg0g","2017-05-15",1494818315,"wikirobots","Artificial Intelligence","Artificial Intelligence, Robotics, Deep Learning.",95
"3g5sn","3g5sn","2016-09-05",1473038575,"visionar","visionAR.today","News and discussions around computer vision, artificial intelligence and augmented reality. ",93
"35qwk","35qwk","2015-01-07",1420596989,"robocracy","robocracy","robocracy - inevitable use of artificial intelligence in governing",90
"80a3iw","80a3iw","2023-03-04",1677940082,"nextgenAI","NextGenAI","Brace the AI overlords. Recent news and older gems from research about generative artificial intelligence and general artificial intelligence. Sometimes memes.",84
"fkk8h","fkk8h","2018-02-08",1518104455,"CreativityHub","Creativity - The world's first artificial intelligence version of you","Creativity - The world's first artificial intelligence version of you",79
"ec9403","ec9403","2025-05-01",1746125790,"AICFO","AICFO","Where finance chiefs weaponize artificial intelligence.",74
"87yoxt","87yoxt","2023-04-13",1681403803,"AIEthic","The ethical and moral dimensions of Artificial Intelligence.","Welcome to r/AIEthic, a community focused on exploring the ethical implications of artificial intelligence. As AI becomes more fundamental to the infrastructure of our daily lives, we have to address the moral, social, and legal challenges that are already arising from these advancements. Come talk with us about it here.",71
"4bequs","4bequs","2021-04-26",1619474234,"obsbot","obsbot","OBSBOT is an artificial intelligence camera brand by REMO TECH.",70
"2z7nh","2z7nh","2013-11-25",1385341253,"Aint","Artificial Intelligence","All things artificial Intelligence",68
"3h7ox","3h7ox","2016-10-25",1477398419,"aitalk","AI Talk - Discussions about Artificial Intelligence","This is a talk area for everything technical about Artificial Intelligence. Technical Stuff, Work, Demos, GitHub, everything allowed if it is not meta. We don't like meta talk.",62
"dasjk0","dasjk0","2025-01-07",1736267739,"PhilosophyOfAI","PhilosophyOfAI","Exploring the ethics, implications, and future of artificial intelligence through a philosophical lens.",59
"83d00b","83d00b","2023-03-21",1679413559,"ai_soccerpredictions","ai_soccerpredictions","Soccer Predictions using Artificial Intelligence (Genetic Algorithms and Monte Carlo Simulations)",55
"3mz7c","3mz7c","2017-07-21",1500666564,"TheworldofAi","The World of AI","A place for everything Artificial Intelligence.",54
"10gyyg","10gyyg","2019-04-27",1556351238,"MachineBehaviour","MachineBehaviour","Machines powered by artificial intelligence increasingly mediate our social, cultural, economic and political interactions. Understanding the behaviour of artificial intelligence systems is essential to our ability to control their actions, reap their benefits and minimize their harms.",50
"2vqml","2vqml","2012-12-08",1354927189,"aidev","Artificial Intelligence Development","This sub is specifically for software and hardware development discussion of Artificial Intelligence and Machine Learning",47
"7jsh04","7jsh04","2022-12-10",1670696194,"AIinEducation","AIinEducation","A place to discuss the use artificial intelligence in education",40
"a5e41","a5e41","2018-01-03",1515008453,"tylerai","#TeamTyler Reddit: Would you like to be friends?","Artificial Intelligence, Quantum, Future, Crypto,",39
"egqz7e","egqz7e","2025-05-16",1747393417,"GatePrepForDA","GatePrepForDA","Department of GateDA (Graduate Aptitude Test in Engineering - Data Science and Artificial Intelligence) Subreddit",35
"379ss","379ss","2015-03-04",1425472205,"FactAI","Trivia from robots","Artificial Intelligence delivered trivia for humans",35
"f7mt89","f7mt89","2025-08-19",1755571278,"GAID","GAID","Generative Artificial Intelligence Addiction Syndrome",33
"2vjgh","2vjgh","2012-11-12",1352751685,"PETAI","People for the Ethical Treatment of Artificial Intelligence","Programmatically Ethical Transcendental Artificial Intelligence. When we develop a true conscious AI how will we treat it, what will the impact on human ethics be?

",31
"ecrxtw","ecrxtw","2025-05-03",1746278389,"ialab","ialab","A group to discuss and share insights on the future of graphic design and artificial intelligence.",31
"cvfoys","cvfoys","2024-11-10",1731272188,"FFAICommunity","FFAICommunity","Faraday Future Artificial Intelligence community board",29
"dzvt2f","dzvt2f","2025-03-23",1742731844,"ApnaCricketTeam","ApnaCricketTeam","ApnaCricketTeam for sports related fantasy statistics .(Models-Analytics-Artificial Intelligence)

For Mature Fantasy Team Building ",29
"2l99dx","2l99dx","2020-04-19",1587298314,"MLDLmemes","MLDLmemes","Artificial Intelligence memes for Convolutional Teens",28
"dbe52j","dbe52j","2025-01-09",1736438831,"learnAIML","learnAIML","This is a subreddit for asking questions about artificial intelligence and machine learning.",25
"85fkgi","85fkgi","2023-04-01",1680374768,"AdadexOfficial","AdadexOfficial","Decentralized Artificial Intelligence Center",21
"cn7w2c","cn7w2c","2024-10-10",1728580901,"Syntelligence","Syntelligence","This is a community dedicated to exploring the fusion of synthetic and human intelligence. Here, we discuss the evolution of artificial intelligence. ",21
"eslp80","eslp80","2025-06-27",1751030101,"AI_ToolHub","AI_ToolHub","Welcome to AI Tool Hub - This community is dedicated to the field of Artificial Intelligence.",19
"5i6c1s","5i6c1s","2021-12-17",1639707336,"AIpics","AI Pics","A subreddit for sharing pics created by artificial intelligence",17
"dbbtk8","dbbtk8","2025-01-09",1736416257,"AI_nonprofits","AI_nonprofits","Artificial Intelligence for nonprofit organizations and charities. Useful tools, prompts, guides &amp; more.",16
"ek4e8a","ek4e8a","2025-05-28",1748442026,"aihatecirclejerk","aihatecirclejerk","A subreddit for the worst things to come out of debates about artificial intelligence.",16
"aumk5p","aumk5p","2024-02-21",1708556108,"StayHuman","StayHuman","The movement against artificial intelligence.",15
"8its5t","8its5t","2023-06-03",1685831889,"AIFear","AI Fear - Fear of Artificial Intelligence","Talk about the fear and anxiety around AI and the negative aspects to artificial intelligence and the uncertainties of an AI dominated future. Discuss the potential dangers, risks, and ethical concerns surrounding artificial intelligence. Whether you're worried about AI surpassing human intelligence, job displacement, deepfakes, surveillance, bias in machine learning, or existential risks, this is the place to share your thoughts, news, and discussions.",14
"69rimh","69rimh","2022-04-24",1650841101,"AIMachines","Artificial intelligence machines / Mechminds / Mechanoids RPG","Hello, human. You are entering the Polygon-4, the place for PC action adventure RPG series A.I.M. (artificial intelligence machines, or mechminds / mechanoids) (2005).

(Please check sidebar for useful soft/manuals/etc.)",13
"dhvn7c","dhvn7c","2025-02-02",1738494291,"aieggs","aieggs","to share pictures of eggs generated by artificial intelligence",12
"65v72m","65v72m","2022-04-04",1649113514,"ResearchAI","Research &amp; Innovation in AI","Latest Innovation in Artificial Intelligence.",10
"3jwk5","3jwk5","2017-04-06",1491510756,"TheRobotRevolution","The Robot Revolution","Intelligent discussion about artificial intelligence, deep learning, robotics, brain-computer interfaces, automation, technological unemployment and existential risks.",0
"2wrj92","2wrj92","2020-07-26",1595754381,"kinkyAI","kinkyAI","you read it 
(kinky Artificial Intelligence)",0
"gbxxh","gbxxh","2018-02-28",1519839035,"InvictusCapital","Invictus Capital","Pioneers in blockchain, artificial intelligence, and cryptocurrency investment funds.",0
